Article ID,Title,Year,Sentiment List,URL,Summary
1,A writing table anchors a home built on a grandfather’s tragic legacy.,2019,"[0.375, 0.0, 0.2972123579545454, 0.6, 0.8333333333333334, -0.01666666666666668, 0.07916666666666668, 0.5, 0.0, 0.13636363636363635, 0.0, 0.0, 0.7, 0.0, -0.284375]",https://www.nytimes.com/slideshow/2015/01/01/garden/20150101-DOMESTIC.html,James Gunn shared a pic with the cast of ‘Superman: Legacy’ following the first table read Source: [https://www.threads.net/@jamesgunn/post/C3qEO2vgBHP/](https://www.threads.net/@jamesgunn/post/C3qEO2vgBHP/) & [https://www.instagram.com/p/C3qExTkPYpl/](https://www.instagram.com/p/C3qExTkPYpl/) >James: After the table read with the #Superman cast.
2,"Building a modern loft in Portland, Ore., suffused with local character and treasured flaws.",2019,"[0.6, 0.12499999999999999, 0.4, 0.2583333333333333, 0.38, 0.6875, 0.0, -0.07142857142857144, 0.0, 0.0, 0.31785714285714284, 0.625, 0.3, -0.25, -0.2916666666666667]",https://www.nytimes.com/slideshow/2015/01/01/garden/20150101-LOCATION.html,"Building a modern loft in Portland, Ore., suffused with local character and treasured flaws."
3,"Building a loft in Portland, Ore., suffused with local character and treasured flaws.",2019,"[0.6, 0.12499999999999999, 0.4, 0.2583333333333333, 0.38, 0.6875, 0.0, -0.07142857142857144, 0.0, 0.0, 0.31785714285714284, 0.625, 0.3, -0.25, -0.2916666666666667]",https://www.nytimes.com/2015/01/01/garden/the-imperfectionists.html,"Building a loft in Portland, Ore., suffused with local character and treasured flaws."
4,A writing table anchors a home built on a grandfather’s tragic legacy.,2019,"[0.375, 0.0, 0.2972123579545454, 0.6, 0.8333333333333334, -0.01666666666666668, 0.07916666666666668, 0.5, 0.0, 0.13636363636363635, 0.0, 0.0, 0.7, 0.0, -0.284375]",https://www.nytimes.com/2015/01/01/garden/a-simple-gift-.html,James Gunn shared a pic with the cast of ‘Superman: Legacy’ following the first table read Source: [https://www.threads.net/@jamesgunn/post/C3qEO2vgBHP/](https://www.threads.net/@jamesgunn/post/C3qEO2vgBHP/) & [https://www.instagram.com/p/C3qExTkPYpl/](https://www.instagram.com/p/C3qExTkPYpl/) >James: After the table read with the #Superman cast.
5,Farhad Manjoo picks four products from 2014 that are bringing the future closer.,2019,"[0.2, 0.0, 0.0, -0.0009803921568627514, 0.1571428571428571, 0.3194444444444445, -0.09090909090909091, -0.15555555555555559, 0.13636363636363635, 0.0]",https://www.nytimes.com/2015/01/01/technology/personaltech/standouts-in-tech-drones-virtual-reality-instant-translation-and-ai.html,Deutsche Abiturienten sollten in der Englischprüfung eine Kolumne von Farhad Manjoo analysieren.
6,"After more than 30 years of serving up inexpensive food and drinks on West 72nd Street, the chain’s original restaurant will close for good on Wednesday night.",2019,"[0.0, 0.0, 0.0, 0.20277777777777775, 0.0, 0.5625, 0.08214285714285714, 0.04934318555008212, -0.0375, 0.13571428571428573, 0.22499999999999998, 0.05255952380952379, 0.4666666666666666, 0.15833333333333335, 0.2866666666666667]",https://www.nytimes.com/2015/01/01/nyregion/long-out-of-place-on-an-exclusive-manhattan-block-a-restaurant-moves-out.html,"After more than 30 years of serving up inexpensive food and drinks on West 72nd Street, the chain’s original restaurant will close for good on Wednesday night."
7,"Mr. Herrmann could be formidable or friendly and was often cast in movies and on television in affluent roles as a lawyer, judge or millionaire.",2019,"[0.525, 0.25, -0.04910714285714286, 0.04705882352941176, -0.3333333333333333, -0.06666666666666667, 0.16999999999999998, 0.7, 0.0, 0.21212121212121213, 0.45, 0.0, 0.0, 0.2642857142857143, 0.04999999999999999]",https://www.nytimes.com/2015/01/01/arts/television/edward-herrmann-actor-with-a-noble-air-dies-at-71.html,Stephen Oyoung wants to reprise his role as Mr. Negative in a Spider-Man movie Mr. Negative would be a pretty good pick for a live action villain.
8,"Canada outlasted the United States, 5-3, on Wednesday in the final game of group play at hockey’s World Junior Championship.",2019,"[0.0, 0.26166666666666666, 0.9, 0.075, 0.0, -0.15000000000000002, 0.0, -0.05, 0.2, 0.0, 0.0, 0.3, 0.44999999999999996, -0.1, 0.0]",https://www.nytimes.com/2015/01/01/sports/hockey/canada-holds-off-us-in-preliminary-junior-championship-match.html,Five former 2018 Canada world junior hockey players told to surrender to face charges of sexual assault This thread has been flaired Developing news which means the story is evolving.
9,"Readers, including Marc Rotenberg of the Electronic Privacy Information Center, fault a Federal Trade Commission strategy.",2019,"[0.0625, -0.145, -0.5, 0.026515151515151544, -0.054613095238095224, 0.5, -0.05714285714285715, 0.0, 0.31224489795918364, 0.0, 0.0, -0.05000000000000002]",https://www.nytimes.com/2015/01/01/opinion/online-privacy-who-writes-the-rules.html,"MVP Top privacy executives quit Twitter, raising questions about data security |"
10,A former teacher and librarian says the book series that helps children learn to read is worthy of being honored.,2019,"[-1.0, 0.5178571428571428, 0.0, 0.029183919944789503, -0.26999999999999996, -0.5, 0.09435064935064935, -0.03571428571428571, 0.0, -0.05, -0.00416666666666667, 0.2761904761904762, 0.19333333333333333, -0.025252525252525256, 0.21714285714285714]",https://www.nytimes.com/2015/01/01/opinion/defending-dick-and-jane.html,Rinderle is the first known public school teacher to be fired under Georgia’s trio of censorship laws passed in 2022.
11,A professor of Hispanic studies says the embargo should not be lifted until dissent is legalized.,2019,"[-0.024821428571428564, 0.0, 0.0, 0.0, 0.0, 0.0, 0.1142857142857143, 0.0, 0.11212121212121212, 0.06825396825396826, 0.05555555555555556, 0.10833333333333334, 0.0, 0.1318181818181818, 0.18134920634920637]",https://www.nytimes.com/2015/01/01/opinion/keep-the-cuban-embargo.html,A professor of Hispanic studies says the embargo should not be lifted until dissent is legalized.
12,A writer urges that airlines be compelled to upgrade flight-tracking technology.,2019,"[0.0, 0.5, 0.5, 0.25, 0.0, 0.7, 0.1696078431372549, 0.0, 0.0, 0.0, 5.551115123125783e-17, 0.0, 0.0, 0.0, -0.010185185185185195]",https://www.nytimes.com/2015/01/01/opinion/improving-flight-safety.html,"TIL that most airlines never use a flight number again if that flight has a fatal crash, except for American Airlines, which keeps using flight #1 despite three major crashes."
13,"Acknowledging that the emergency sirens on gates had done little to discourage fare evasion, the Metropolitan Transportation Authority said it was disabling them at all of its stations.",2019,"[-0.03749999999999999, 0.6166666666666667, 0.1, 0.0, 0.0, 0.46875, 0.0, 0.0, -0.1711111111111111, 0.23333333333333336, 0.1625, 0.0]",https://www.nytimes.com/2015/01/01/nyregion/exit-alarms-in-the-subways-are-silenced-by-the-mta.html,"Acknowledging that the emergency sirens on gates had done little to discourage fare evasion, the Metropolitan Transportation Authority said it was disabling them at all of its stations."
14,Ready to take the challenge to see how much you remember from 2014? No cheating and Googling for answers!,2019,"[0.3, 0.0, 0.19642857142857142, 0.08484848484848484, 0.0, 0.0, 0.125, 0.1273148148148148, 0.07023809523809524, 0.0, -0.25, 0.0, 0.3, 0.0, 0.0]",https://www.nytimes.com/interactive/2015/01/01/opinion/Gail-Collins-First-Pop-Quiz-of-2015.html,"A possible answer to Yuta's claim fo them ""cheating"" Am I cheating at the 100 baby challenge?"
15,"Gov. Andrew M. Cuomo announced on Wednesday that he had pardoned two men, one who had been convicted in a drug case and another who was convicted of robbery.",2019,"[0.7, 0.325, 0.1, 0.0, -0.28375, 0.0, -0.02916666666666667, 0.0, -0.05606060606060606, -0.01071428571428572, 0.0, 0.2, 0.0587012987012987, 0.36818181818181817, -0.3]",https://www.nytimes.com/2015/01/01/nyregion/cuomo-using-pardon-power-gives-pair-a-second-chance.html,Please [contact the moderators of this subreddit](/message/compose/?to=/r/politics) if you have any questions or concerns.* Gov. Andrew Cuomo Signs Bill Allowing Release Of Trump's State Tax Returns “Donald Trump has broken forty years of political tradition by not releasing his tax returns.
16,"Marrone, a Bronx native who opted out of his contract as Buffalo’s coach, served as the Jets’ offensive line coach for four seasons under Herman Edwards.",2019,"[0.5, -0.05, 0.0, 0.85, 0.10714285714285714, 0.5, -0.2916666666666667, 0.22499999999999998, 0.0, -0.3, 0.35, 0.65, 0.3333333333333333, -0.44999999999999996, 0.0]",https://www.nytimes.com/2015/01/01/sports/football/nfl-roundup.html,"Marrone, a Bronx native who opted out of his contract as Buffalo’s coach, served as the Jets’ offensive line coach for four seasons under Herman Edwards."
17,"Rigorous evidence should inform spending. Until lately, it hasn’t.",2019,"[0.10333333333333332, 0.07123015873015873, 0.05, 0.09999999999999999, 0.0, 0.342, 0.1285714285714286, 0.0, 0.1875, 0.11666666666666665, -0.09999999999999999, 0.0, -0.1, -0.07777777777777779, -0.4]",https://www.nytimes.com/2015/01/01/opinion/social-programs-that-work.html,What they reported spending it on is more evidence that universal basic income works.
18,A new law is a significant step forward in animal welfare.,2019,"[-0.07500000000000001, 0.019999999999999997, 0.1625, 0.026262626262626272, -0.008552631578947372, -0.07142857142857142, 0.2, 0.0, 0.3020833333333333, -0.07500000000000001, -0.2513888888888889, 0.0, 0.10416666666666667, -0.017310405643738966, -0.10112781954887218]",https://www.nytimes.com/2015/01/01/opinion/mark-bittman-hens-unbound.html,Iceland suspends whale hunt on animal welfare concerns Calls for legal action after ‘unimaginable suffering’ filmed at Devon pig farm |
19,Representative Steve Scalise’s effort to explain why he accepted a speaking engagement offered by an aide to Mr. Duke in 2002 was a reminder of choices Louisiana Republicans faced in the past.,2019,"[-0.02916666666666667, 0.0, -0.5888888888888889, 0.0, 0.5, 0.1, 0.05, 0.0, -1.0, 0.0, 0.5, 0.3, -0.1, -0.05, 0.0]",https://www.nytimes.com/2015/01/01/us/politics/much-of-david-dukes-91-campaign-is-now-in-louisiana-mainstream.html,Megathread: Steve Scalise Withdraws from Race for Speaker of the US House Scalise is the 2nd highest ranking member in the House GOP.
20,Distrust between the two countries has resurfaced as the search for nearly 300 kidnapped girls has lost momentum.,2019,"[0.0, 0.050000000000000044, 0.0, 0.3, 0.35, 0.5, 0.5, 0.0, 0.25, 0.0, 0.0, 0.0, 0.0, 0.0, 0.5]",https://www.nytimes.com/2015/01/01/world/with-schoolgirls-still-missing-fragile-us-nigeria-ties-falter.html,Distrust between the two countries has resurfaced as the search for nearly 300 kidnapped girls has lost momentum.
21,Union officials say policing the nightly demonstrations and the deaths of two officers have had an impact.,2019,"[0.2333333333333333, 0.2857142857142857, -0.0325, -0.175, 0.0, 0.025000000000000005, -0.3125, -0.00833333333333334, 0.0, 0.0, 0.0, -0.1, 0.16111111111111112, 0.0, 0.09999999999999998]",https://www.nytimes.com/2015/01/01/nyregion/arrest-statistics-decline-sharply-police-unions-deny-an-organized-slowdown.html,Thirty-two guards with the Florida Department of Corrections were fired Friday afternoon in what union officials were calling a “Friday night massacre.”
22,"Because of cost, airlines have been too slow to outfit planes with real-time data streaming.",2019,"[0.09435064935064935, 0.30000000000000004, 0.0, -0.19111111111111112, 0.0, 0.07142857142857144, 0.5, 0.7, -0.13333333333333333, -0.0049999999999999715, 0.0, 0.11666666666666665, -0.05000000000000001, 0.0, 0.007142857142857159]",https://www.nytimes.com/2015/01/01/opinion/after-airasia-flight-8501-a-need-for-tracking.html,"Biden to announce new rule requiring airlines to disclose ""true cost"" of plane tickets Oh no!"
23,The best matchup in this game is a battle between coaches.,2019,"[0.3, -0.3666666666666667, 0.3, 0.0, 0.5533333333333333, -0.2916666666666667, 0.0, 0.0, 0.6, 0.0, 0.0, 0.0, 0.0, 0.15, 0.0]",https://www.nytimes.com/2015/01/01/sports/ncaafootball/alabama-vs-ohio-state-sugar-bowl-preview-nick-saban-urban-meyer.html,The best matchup in this game is a battle between coaches.
24,"Florida State, an underdog by more than a touchdown, will play the lack-of-respect card against Oregon in a game that features this season’s and last season’s Heisman Trophy winners.",2019,"[0.25, -0.9, 0.25, 0.36750000000000005, -0.024999999999999967, 0.6166666666666667, 0.0, 0.13333333333333333, -0.06000000000000001, -0.875, 0.7, 0.8, -0.4, 0.475, -0.19642857142857142]",https://www.nytimes.com/2015/01/01/sports/ncaafootball/florida-state-oregon-rose-bowl-preview-jameis-winston-marcus-mariota.html,"Oregon quarterback Bo Nix visited #Seahawks this weekend, per a league source."
25,"By Jan. 1, 29 states and the District of Columbia will have minimum wages above the federal minimum wage of $7.25.",2019,"[-0.02916666666666667, -0.08, -0.14583333333333334, -0.07500000000000001, 0.0, 0.09285714285714285, 0.0, 0.1137671356421357, 0.0, -0.07500000000000001, 0.0, -0.04999999999999999, 0.0, 0.0, 0.4590909090909091]",https://www.nytimes.com/interactive/2014/12/31/business/economy/miniwage.html,"By Jan. 1, 29 states and the District of Columbia will have minimum wages above the federal minimum wage of $7.25."
26,Bill Cosby came close to escaping sexual assault charges. How many others do?,2020,"[0.0, 0.2, 0.0, 0.043511647083075644, 0.4, -0.5, 0.2, -0.10000000000000002, 0.0, 0.07500000000000001, -0.38, 0.45, 0.4, -0.13999999999999999, -0.15625]",https://www.nytimes.com/2016/01/01/opinion/no-more-statutes-of-limitations-for-rape.html,"The main reason this case was overturned was because in 2005 the Montgomery County District Attorney effectively promised never to prosecute Cosby for raping Andrea Costand (through a public press release saying he was not going to prosecute Cosby), believing that there was no way he could get a conviction, and seeking to give her some justice by helping her when she sued him for the assault in civil court."
27,A court document made public on Thursday suggests that defense lawyers will argue that Mr. Gray was already injured when he was loaded into a Baltimore police van.,2020,"[-0.1, -0.041666666666666664, 0.3, 0.13522727272727272, 0.1, 0.0841880341880342, 0.0, 0.0, 0.2, -0.03888888888888888, -0.05, 0.0, 0.1875, 0.03589743589743589, 0.0]",https://www.nytimes.com/2016/01/01/us/freddie-gray-complained-of-bad-back-before-arrest-filing-says.html,A court document made public on Thursday suggests that defense lawyers will argue that Mr. Gray was already injured when he was loaded into a Baltimore police van.
28,"The average tax rate for America’s top 400 income earners rose in 2013, but tax analysts said the tax structure still overwhelmingly favors the very well-off.",2020,"[0.0215686274509804, 0.42857142857142855, -0.08499999999999999, 0.0, 0.20833333333333331, 0.15, 0.16666666666666666, 0.2375, 0.0, 0.0, 0.375, 0.35, 0.4, 0.0, 0.6]",https://www.nytimes.com/2016/01/01/business/economy/justice-in-taxes-most-likely-short-lived.html,"Liberals to 'go further' targeting high-income earners with budget's new minimum income tax > The most impactful change for government coffers announced in this budget is one that would ban private Canadian companies from using foreign corporations, such as shell companies based abroad or moving their headquarters to a tax haven despite still being fully Canadians owned and controlled, to avoid paying Canada’s tax rates."
29,"Led by quarterback Deshaun Watson, the Tigers defeated fourth-seeded Oklahoma in the first College Football Playoff semifinal.",2020,"[0.75, 0.0, 0.0, 0.125, 0.0, 0.7, -0.25, 0.0, 0.35, -0.3125, 0.26666666666666666, 0.25, 0.3, 0.2, 0.6]",https://www.nytimes.com/2016/01/01/sports/ncaafootball/clemson-beats-oklahoma-in-orange-bowl-college-football-playoff-semifinal.html,"Led by quarterback Deshaun Watson, the Tigers defeated fourth-seeded Oklahoma in the first College Football Playoff semifinal."
30,A federal judge has warned that prosecutors may be going too far when they ask witnesses to keep quiet about receiving a subpoena.,2020,"[-0.02916666666666667, -0.06547619047619048, 0.0, 0.11666666666666667, 0.38000000000000006, 0.10740740740740742, -0.07121212121212121, 0.19999999999999998, 0.023571428571428577, 0.2625, 0.5, 0.1, -0.02149621212121212, 0.0, 0.0]",https://www.nytimes.com/2016/01/01/nyregion/prosecutorssecrecy-orders-on-subpoenas-stir-constitutional-questions.html,“Judge Cannon has a lot to answer for”: Ex-Mueller prosecutor fumes after witness comes forward >Weissmann said Cannon “clearly is not going to have this trial” given all the roadblocks she has thrown up in pre-trial proceedings.
31,"William Ackman’s hedge fund said in a regulatory filing that its stake was now 8.5 percent, down from 9.9 percent, of the drug company that has been drawing fire on several fronts.",2020,"[-0.14583333333333331, 0.1, 0.0, 0.0, 0.0, 0.05357142857142857, 0.08545454545454545, -0.058333333333333334, 0.13749999999999998, 0.0, -0.3999999999999999, -0.4, 0.0, 0.0, 0.0]",https://www.nytimes.com/2016/01/01/business/dealbook/ackman-sheds-some-valeant-shares.html,"In order to prevent brigading and to encourage a civil discourse among neighbors, the comments section has been restricted to only r/Atlanta users with a sufficient history of positive posts and comments."
32,"A look at how government services in New York, New Jersey and Connecticut will be affected.",2020,"[0.04775641025641026, -0.04999999999999999, -0.5, 0.0, 0.5, -0.25, 0.3, 0.0, 0.18665584415584413, 0.09435064935064935, 0.0, 0.1502044252044252, 1.0, -0.5625, 0.0]",https://www.nytimes.com/2016/01/01/nyregion/holiday-today-new-years-day.html,"Please [contact the moderators of this subreddit](/message/compose/?to=/r/politics) if you have any questions or concerns.* Relevant [photo](https://static.independent.co.uk/2022/09/11/18/Screen%20Shot%202022-09-11%20at%201.01.55%20PM.png?width=1200) >FBI special agents have reportedly interviewed multiple witnesses regarding whether former president Donald Trump has hidden classified or sensitive government documents at his Trump Tower home and office or the Bedminster, New Jersey golf club where he has spent most summers since 2017."
33,"Davis, who was mourning his mother when he earned a gold medal at the 1976 Montreal Olympics, had more than 100 victories as an amateur but never won a world title.",2020,"[0.1, 0.4, 0.033333333333333326, 0.0, 0.6, 0.7, 0.2041666666666667, -0.05357142857142857, 0.0, 0.0, 0.625, 0.125, 0.0, 0.12999999999999998, 0.5]",https://www.nytimes.com/2016/01/01/sports/howard-davis-jr-who-beat-grief-to-win-boxing-gold-dies-at-59.html,"Davis, who was mourning his mother when he earned a gold medal at the 1976 Montreal Olympics, had more than 100 victories as an amateur but never won a world title."
34,Can greater defenses be erected? Should homes be vaulted on stilts? Or is it time for some communities to pack up and leave?,2020,[],https://www.nytimes.com/2016/01/01/us/flooding-in-missouri-raises-vexing-questions.html,Or is it time for some communities to pack up and leave?
35,"Depending on whom you ask, the fault for the state of Bridge Park 2 lies with flawed zoning, communication breakdowns or the Jehovah’s Witnesses, who promised to fix it but never did.",2020,"[-0.12018140589569161, 0.21666666666666667, 0.19375, 0.1, 0.0, 0.1488095238095238, 0.0, 0.0, 0.0, 0.18333333333333335, 0.0, 0.475, -0.46875, 0.07187500000000001, 0.0]",https://www.nytimes.com/2016/01/01/nyregion/stalled-brooklyn-park-exposes-rift-with-religious-group.html,Jehovah's Witnesses sue the Dutch state for discrimination
36,"If a sports team rarely wins, why do some fans doggedly support it? Academics try to unravel the psychological quagmire.",2020,"[0.3080357142857143, 0.1, 0.0, 0.0, -0.6, 0.0, 0.15875000000000003, 0.265, -0.25, 0.07999999999999999, -0.8, 0.0, 0.1375, 0.0, -0.3125]",https://www.nytimes.com/2016/01/01/sports/baseball/why-fans-stand-by-perennial-losers.html,Kids who succeed academically deserve scholarships more then kids on sports teams It's all about the money.
37,"The Red Storm dropped their Big East Conference opener on Thursday. Still Mullin, the St. John’s basketball legend turned first-year coach, sees signs of improvement.",2020,"[0.75, 0.26666666666666666, 0.4666666666666666, 0.0, 0.04999999999999999, 0.0]",https://www.nytimes.com/2016/01/01/sports/chris-mullin-sees-mixed-signs-in-st-johns-loss.html,The Red Storm dropped their Big East Conference opener on Thursday.
38,"Legal experts said the road to conviction was filled with significant hurdles, including a lack of forensic evidence related to the decade-old allegation by the woman at the center of the case.",2020,"[-0.22500000000000003, 0.27249999999999996, -0.35, -0.2, 0.037229643765903306, 0.25, -0.00442048517520216, -0.12, 0.0, 0.0, 0.0, -0.09375, -0.24999999999999992]",https://www.nytimes.com/2016/01/01/us/experts-foresee-obstacles-for-both-sides-in-bill-cosby-case.html,"Scottish IT expert Gary McKinnon claims he found evidence of contact with 'non-terrestrial' beings and technology on NASA and US Navy computer systems Scottish IT expert Gary McKinnon, now 57, illegally gained access to US Army, Navy, Air Force, Pentagon, and NASA computers in 2002."
39,"Start the New Year on the right foot with a hike to Shadow Lake, a guided bird tour in the Bronx, or with another recreational activity.",2020,"[0.0, 0.0, 0.125, 0.2857142857142857, -0.7, 0.0, -0.0033333333333333383, 0.11818181818181818, 0.0, 0.0625, 0.625, 0.125, 0.3974431818181818, 0.0875, 0.0]",https://www.nytimes.com/2016/01/03/nyregion/things-to-do-in-the-hudson-valley-jan-2-through-10.html,"Start the New Year on the right foot with a hike to Shadow Lake, a guided bird tour in the Bronx, or with another recreational activity."
40,"As the new year approached on Thursday, the police in Munich evacuated two train stations and warned residents to avoid large groups, citing “concrete hints” about a possible attack.",2020,"[-0.5, -0.08333333333333333, -0.0019972451790633613, 0.20887445887445888, 0.16178571428571428, 0.05190476190476192, 0.02777777777777778, 0.0, -0.35, 0.046666666666666676, 0.18541666666666667, -0.7999999999999999, 0.0, -0.525, -0.375]",https://www.nytimes.com/2016/01/01/world/europe/monitoring-of-terrorism-threats-has-risen-official-says.html,"Paris police say suspect in train station attack that injured 3 may have mental health issues TLDR >PARIS (AP) — A man armed with a knife and a hammer wounded three people Saturday in an early morning attack at the bustling Gare de Lyon train station in Paris, another nerve-rattling security incident in the Olympics host city before the Summer Games open in six months."
41,The comedian Kathleen Madigan will perform on Jan. 7 at 7:30 p.m. at the Bushnell Center for the Performing Arts.,2020,"[0.0, 0.16448277417027418, -0.10000000000000002, 0.0, 0.0, 0.2777777777777778, 0.044196428571428574, 0.0, 0.0, 0.0, 0.15, -0.125, 0.018181818181818174, 0.028125000000000004, -0.225]",https://www.nytimes.com/2016/01/03/nyregion/things-to-do-in-connecticut-jan-2-through-10.html,The comedian Kathleen Madigan will perform on Jan. 7 at 7:30 p.m. at the Bushnell Center for the Performing Arts. Automated floor transformation at Tobin Center for the Performing Arts For additional insight check out [this comment by /u/colcob](https://www.reddit.com/r/EngineeringPorn/comments/n58u8n/automated_floor_transformation_at_tobin_center/gx0ujdu/?context=3) and [this one by /u/ThatEagerHero](https://www.reddit.com/r/EngineeringPorn/comments/n58u8n/automated_floor_transformation_at_tobin_center/gx1aos8/?context=3).
42,Cultural events on Long Island include an evening with champion storytellers Lesley Goshko and Michele Carlo and “Dreamgirls” perform in East Islip.,2020,"[0.3333333333333333, 0.3875, 0.10128787878787877, -0.04777777777777777, 0.0, 0.1, 0.2546464646464647, 0.25, 0.0, 0.25, -0.175, 0.16666666666666666, -0.15, 0.20408163265306123, 0.26926406926406926]",https://www.nytimes.com/2016/01/03/nyregion/things-to-do-on-long-island-jan-2-through-10.html,"Summary of Formu1a.uno's Twitch stream on more inside knowledge about Lewis Hamilton's move to Scuderia Ferrari As a general rule ([see full rules](https://www.reddit.com/r/formula1/wiki/userguide#wiki_sticky.2Fdaily_discussion)), a standalone Discussion post should: - be of interest to the sub in general, and not a specific userbase (e.g. new users, GP attendees, just yourself) - be able to generate discussion (e.g. no yes/no or easily answerable questions) - show reasonable input and effort from the OP If not, be sure to [look for the Daily Discussion](https://www.reddit.com/r/formula1/search/?q=daily+discussion&include_over_18=on&restrict_sr=on&t=all&sort=new), /r/formula1's daily open question thread which is perfect for asking any and all questions about this sport."
43,"“Secrets of War,” a drama set in the Nazi-occupied Netherlands directed by Dennis Bots, will be shown this month at the Summit Free Public Library.",2020,"[0.26666666666666666, 0.5125, 0.25, 0.25, 0.0, 0.0, 0.0, 0.875, 0.0, 0.2125, 0.25]",https://www.nytimes.com/2016/01/03/nyregion/things-to-do-in-new-jersey-jan-2-through-10.html,"“Secrets of War,” a drama set in the Nazi-occupied Netherlands directed by Dennis Bots, will be shown this month at the Summit Free Public Library."
44,"If approved, the contract would include an 11 percent raise over seven years and measures that would enable more efficient prosecution of inmates who assault officers at Rikers Island.",2020,"[-0.17499999999999996, 0.0, -0.5, -0.049999999999999996, 0.09523809523809523, 0.0]",https://www.nytimes.com/2016/01/01/nyregion/new-york-city-correction-officers-reach-tentative-contract-deal.html,"NY Post Rikers Island Inmate Death: 4th Reported This Year A Rikers Island correction officer didn’t realize his body cam was on — and filmed himself planting a pointed shard of Plexiglas in an inmate’s cell and then pretending he found it, officials say."
45,Two professional women’s teams faced off for the first time at the N.H.L.’s marquee regular-season event.,2020,"[-0.3666666666666667, 0.0, 0.10625, 0.0, 0.0, 0.0]",https://www.nytimes.com/2016/01/01/sports/hockey/winter-classic-boston-pride-les-canadiennes.html,Two professional women’s teams faced off for the first time at the N.H.L.’s marquee regular-season event.
46,"Welcome to the first crossword puzzle of 2016, a lively themeless puzzle by David Steinberg.",2020,"[-0.2916666666666667, 0.0, 0.0, 0.78125, 0.0, 0.125, -0.2833333333333333, -0.55, 0.18496162927981105, 0.0, 0.0, -0.625, 0.11078787878787878, 0.0, 0.03333333333333344]",https://wordplay.blogs.nytimes.com/2015/12/31/scream-ones-head-off/,"Welcome to the first crossword puzzle of 2016, a lively themeless puzzle by David Steinberg."
47,"Hugo Galindo had planned to watch the ball drop in Times Square. But early Thursday morning, he was beaten and stabbed just blocks from his home.",2020,"[0.3625, 0.2, -0.5833333333333334, 1.0, 0.0, 0.5, 0.0, 0.10000000000000002, 0.0, 0.0, 0.1, 0.0, 0.8, 0.0, 0.0]",https://www.nytimes.com/2016/01/01/nyregion/bronx-man-a-father-figure-in-his-family-is-fatally-attacked-by-6-men.html,Hugo Galindo had planned to watch the ball drop in Times Square.
48,New Year’s Eve celebrations sparkled across the globe.,2020,"[0.0, 0.31666666666666665, 0.16767676767676767, 0.0, 0.21103896103896103, 0.0, 0.0, 0.0, 0.625, -0.09999999999999998, -0.2, 0.0, 0.0625, 0.19999999999999998, 0.05]",https://www.nytimes.com/slideshow/2015/12/31/nyregion/lighting-up-the-night-and-the-new-year.html,Young Muslims take to streets to clean up after New Year’s Eve celebrations only Muslims took to the streets to clean up after new years?
49,"Mr. Rogers was on the show for just the first three of its 11 seasons as the army surgeon Trapper John, but his run, and his character, are especially revered by show devotees.",2020,"[0.0, -0.1, 0.07738095238095238, 0.19999999999999998, 0.09722222222222222, 0.0, 0.16666666666666666, 0.125, -0.11249999999999999, 0.17290234275528393, 0.0, 0.19288888888888892, 0.0, 0.0, 0.0]",https://www.nytimes.com/2016/01/01/nyregion/wayne-rogers-82-actor-in-tv-show-mash.html,Mr. Rogers brought a special needs child on his show and showed the world how to treat them with kindness.
50,"Three adults were killed and three others were severely injured when a tractor-trailer struck their S.U.V. on an icy highway, the police said.",2020,"[0.1125, 0.0, 0.0, 0.0, 0.16666666666666666, -0.125, -0.06999999999999999, 0.0, 0.5, 0.0, 0.3, 0.0, 0.0, -0.0062500000000000056, 0.11250000000000002]",https://www.nytimes.com/2016/01/01/nyregion/a-hastings-on-hudson-couple-and-a-friend-die-in-a-head-on-crash-in-vermont.html,"Three adults were killed and three others were severely injured when a tractor-trailer struck their S.U.V. on an icy highway, the police said."
51,"A two-touchdown, 180-yard performance from Bo Scarbrough, a relatively unheralded running back, left the Crimson Tide one win from a second straight championship.",2021,"[0.2, 0.2, 0.1392857142857143, -0.23249999999999998, 0.0, 0.0, -0.2125, 0.2, -0.13, -0.2, 0.45, -0.19583333333333333, 0.49074074074074076, 0.0, 0.0]",https://www.nytimes.com/2016/12/31/sports/ncaafootball/alabama-washington-peach-bowl-college-playoff.html,Bo Jackson's infamous 91 yard rushing touchdown.
52,"A gunman opened fire inside a packed Istanbul nightclub shortly after midnight on New Year’s Day, killing dozens and wounding dozens more, Turkish officials said.",2021,[],https://www.nytimes.com/slideshow/2016/12/31/world/istanbul-nightclub-attack.html,"A gunman opened fire inside a packed Istanbul nightclub shortly after midnight on New Year’s Day, killing dozens and wounding dozens more, Turkish officials said."
53,"Mr. Williams booked a long series of shows in Germany in 1960, forcing the band to expand its repertoire and sharpen its stagecraft.",2021,"[0.16666666666666666, 0.09999999999999999, 0.0, 0.125, 0.2722222222222222, -0.1, 0.0, 0.25, 0.25, 0.0, 0.0, 0.475, 0.09583333333333333, 0.0, 0.0]",https://www.nytimes.com/2016/12/31/arts/music/allan-williams-dead-beatles-manager.html,[request] rec any show/series similar to mr robot?
54,"Quotation of the day for Sunday, January 1, 2017.",2021,"[0.0, 0.11666666666666665, 0.5, 0.005303030303030304, 0.2, 0.6, 0.005303030303030304, -0.3601851851851852, 0.06818181818181818, 0.005303030303030304, -0.08333333333333333, 0.0, 0.005303030303030304, 0.5, 0.525]",https://www.nytimes.com/2016/12/31/todayspaper/quote-of-the-day.html,"Quotation of the day for Sunday, January 1, 2017."
55,A timeline of recent terrorist attacks in Turkey.,2021,"[0.15000000000000002, 0.1, 0.5, -0.18888888888888888, 0.0, -0.375, -0.05, 0.0, 0.0, -0.18333333333333335, 0.12976190476190474, 0.05000000000000002, 0.55, -0.1, 0.0]",https://www.nytimes.com/interactive/2016/12/31/world/europe/turkey-recent-attacks.html,The attacks were carried out in the Gara region near the Turkey-Iraq border.
56,Mr. Trump said that he knew “things that other people don’t know” and that the information would be revealed “on Tuesday or Wednesday.”,2021,"[0.09435064935064935, 0.0, 0.0, -0.01071428571428572, 0.0, 0.047767857142857154, 0.3333333333333333, 0.0, 0.0, 0.10833333333333334, 0.25, -0.45, -0.02916666666666667, 0.3607142857142857, -0.37142857142857144]",https://www.nytimes.com/2016/12/31/us/politics/donald-trump-russia-hacking.html,Please [contact the moderators of this subreddit](/message/compose/?to=/r/politics) if you have any questions or concerns.* Mr. Rogers displayed empathy on every show.
57,"Seeking redemption for last season’s loss to Alabama in the national title game, the Tigers handed Urban Meyer his first shutout loss as a head coach.",2021,"[0.1, 0.25873015873015875, 0.25, 0.0, 0.4214285714285714, 0.0, 0.1, 0.0, 0.03333333333333333, -0.08333333333333333, -0.4, 0.0, 0.375, -0.29166666666666663, 0.0]",https://www.nytimes.com/2016/12/31/sports/ncaafootball/clemson-ohio-state-fiesta-bowl.html,Urban Meyer suffered his fourth loss at Ohio State in his 52nd game as the Buckeyes coach.
58,"With an N.B.A. title for the Cavaliers and the Indians falling just short in the World Series, forgive a city that once lost the Browns and LeBron James for feeling buoyant.",2021,"[0.0, 0.625, 0.0, 0.0, 0.0, 0.0, 0.033333333333333326, 0.0, 0.20000000000000004, 0.13333333333333333, -0.2, 0.10000000000000002, -0.225, 0.095, 0.7]",https://www.nytimes.com/2017/01/01/sports/a-year-that-can-never-be-taken-from-cleveland.html,"LeBron left that summer Bleacher Report: BREAKING: LeBron James says he’ll return to Cavaliers to defend title in 2016-17 NBA season, per @clevelanddotcom Well, this offseason got a lot less fun."
59,The couple met in 2000 through the dating website PlanetOut; they were married in Aspen.,2021,"[0.21125000000000002, 0.0062500000000000056, -0.08333333333333333, 0.0, 0.25166666666666665, 0.41874999999999996, 0.0, 0.09375, 0.0, 0.1965909090909091, -0.09999999999999999, 0.4166666666666667, 0.25, -0.125, -0.041666666666666664]",https://www.nytimes.com/2017/01/01/fashion/weddings/richie-lin-neil-glaser.html,“Gay couple” in Supreme Court wedding website case was fabricated It's basically setting a precedent.
60,The couple met during college but didn’t really connect until they went to their 25th reunion.,2021,"[0.2857142857142857, 0.0, 0.25, 0.8, -0.4, 0.21428571428571427, 0.7, 1.0, 0.0, 0.15, -0.125, -0.04444444444444443, 0.6, 0.65, 0.5333333333333333]",https://www.nytimes.com/2017/01/01/fashion/weddings/marissa-brown-colin-mcgreal.html,The couple met during college but didn’t really connect until they went to their 25th reunion.
61,The groom is a financial analyst and a Marine reservist; the bride is a third-grade teacher.,2021,"[0.2734385850694444, 0.5, 0.2587662337662338, 0.1729166666666667, 0.3625, 0.44387755102040816, 0.1974025974025974, -0.10714285714285714, 0.5, -0.16999999999999998, 0.17257619047619044, -0.16125, -0.04722222222222223, 0.0, 0.0]",https://www.nytimes.com/2017/01/01/fashion/weddings/amy-koppe-john-murtagh.html,She was groomed by her Grade 10 music teacher and sexually assaulted at 16.
62,"The couple was introduced by mutual friends on July 22, 2014, and engaged exactly one year later.",2021,"[0.05555555555555556, 0.0, 0.13636363636363635, 0.06333333333333332, 0.26, 0.0, 0.08425925925925926, 0.0, -0.1375, 0.0, -0.1, -0.1, 0.4291666666666667, 0.625, 1.0]",https://www.nytimes.com/2017/01/01/fashion/weddings/jayme-tauber-matthew-meisel.html,"The couple was introduced by mutual friends on July 22, 2014, and engaged exactly one year later."
63,The couple was married at the Scarsdale Congregational Church in Scarsdale by a cousin of the bride.,2021,"[-0.10079365079365078, -0.26666666666666666, 0.2638888888888889, 0.1, 0.8, 0.0, -0.16646825396825396, -0.16319444444444445, -0.09523809523809523, -0.3333333333333333, 0.16, 0.2333333333333333, 0.15, 0.016666666666666663, 0.25]",https://www.nytimes.com/2017/01/01/fashion/weddings/marguerite-sivon-gregory-allen.html,The couple was married at the Scarsdale Congregational Church in Scarsdale by a cousin of the bride.
64,"She’s a psychologist, and he is a tutor and counselor for children with disabilities.",2021,"[-0.02916666666666667, 0.11399582560296843, 0.25, 0.1410774410774411, 0.35, -0.14744897959183675, 0.08988095238095238, 0.14027777777777778, 0.375, 0.14583333333333334, 0.060449735449735455, -0.07500000000000001, 0.75, 0.53625, 0.0]",https://www.nytimes.com/2017/01/01/fashion/weddings/natasha-nelson-ahmed-domkreo.html,"She’s a psychologist, and he is a tutor and counselor for children with disabilities."
65,The couple met when working in New Orleans on Katrina-related recovery projects; they were married in Boston.,2021,"[0.0, -0.175, 0.13636363636363635, -0.16666666666666666, 0.0, 0.075, -0.13749999999999998, 0.0, 0.5, 0.0, 0.3375, 0.13, 0.03579545454545456, 0.3125, -0.05]",https://www.nytimes.com/2017/01/01/fashion/weddings/caroline-gammill-nathan-rothstein.html,"Six Flags Jazzland, New Orleans."
66,"The couple are founders of Anomalie, an online custom wedding dress company.",2021,"[-0.061111111111111116, 0.7083333333333334, 0.0, 0.4517857142857143, 0.13129259629259626, 0.8, 0.3333333333333333, -0.2375, -0.375, -0.15555555555555559, 0.0, 0.0, 0.0, 0.0, 0.03125]",https://www.nytimes.com/2017/01/01/fashion/weddings/leslie-voorhees-calley-means.html,"The couple are founders of Anomalie, an online custom wedding dress company."
67,He buys seafood for Whole Foods; she sells imported foods.,2021,"[0.0008888888888888835, 0.128125, 0.0, -0.20833333333333331, 0.0, -0.029761904761904767, 0.0, 0.0, -0.11538461538461539, 0.3, 0.25, 0.12166666666666666, 0.08333333333333333, 0.0, 0.0]",https://www.nytimes.com/2017/01/01/fashion/weddings/lindsay-belfatto-and-marcus-tabani.html,Bread from Whole Foods...
68,"The couple met on Tinder in 2014, and had their first date at a San Francisco bar.",2021,"[0.0, -0.11666666666666665, -0.1, 0.25, 0.049999999999999996, 0.17261904761904764, -0.15000000000000002, 0.2, -0.05, 0.25, 0.0, 0.6000000000000001, 0.34285714285714286, 0.7, 0.179469696969697]",https://www.nytimes.com/2017/01/01/fashion/weddings/libby-leffler-michael-hoaglin.html,"The couple met on Tinder in 2014, and had their first date at a San Francisco bar."
69,The couple met in 2007 in the press room at the MuchMusic Video Awards in Toronto; they were married in Central Park.,2021,"[-0.07500000000000001, 1.0, 0.5392857142857144, 0.9375, 0.5]",https://www.nytimes.com/2017/01/01/fashion/weddings/matthew-almeida-maurie-sherman.html,The couple met in 2007 in the press room at the MuchMusic Video Awards in Toronto;
70,"The couple was married at the Glen Island Harbour Club in New Rochelle, N.Y.",2021,"[0.0, -0.012499999999999997, 0.0, 0.08333333333333333, 1.0, 0.0, 0.25]",https://www.nytimes.com/2017/01/01/fashion/weddings/heather-klein-michael-kalan.html,"The couple was married at the Glen Island Harbour Club in New Rochelle, N.Y."
71,"The bride worked developing apps for the Clinton campaign, and the groom is a software developer.",2021,"[0.10500000000000001, 0.0, 0.0, 0.0, 0.20698257080610025, 0.10845959595959598, -0.62, 0.4681818181818182, 0.6333333333333333, 0.45, 0.0, -0.10714285714285714, -0.21471861471861473, -0.13333333333333333, -0.3]",https://www.nytimes.com/2017/01/01/fashion/weddings/lauren-pully-dylan-graham.html,"Bernie Sanders Campaign Is Disciplined for Breaching Hillary Clinton Data - The Sanders campaign alerted the DNC months ago that the software vendor ""dropped the firewall"" between the data of different Democratic campaigns on multiple occasions."
72,"The bride and groom, both actors, met after a play in which she played the part of a possessed bride.",2021,"[0.11499999999999999, -0.2916666666666667, -0.4, 0.24372294372294373, 0.0, 1.0, 0.0738095238095238, 0.0, 0.6, 0.0, 0.41500000000000004, 0.0, -0.3125, 0.22420634920634921, 0.0625]",https://www.nytimes.com/2017/01/01/fashion/weddings/rachel-claire-ian-lowe.html,Groom secretly learned Korean for nearly a year to surprise his bride Groom exposes bride that cheated with his friend Upvote this comment if you feel this submission is characteristic of our subreddit.
73,"Happy New Year from The Daily 360 team. Click and drag the video, or move your phone around to follow sunrises across the world with us.",2021,"[0.4681818181818182, -0.5, 0.0, 0.0, 0.0, -1.0, 0.3333333333333333, 0.5, 0.0, 0.0, 0.0, 0.0, -0.2666666666666667, 0.35, 0.0]",https://www.nytimes.com/video/world/100000004830728/daybreak-around-the-world.html,Happy New Year from The Daily 360 team.
74,"Corrections appearing in print on Sunday, January 1, 2017.",2021,"[0.0, 0.11666666666666665, 0.5, 0.005303030303030304, 0.2, 0.6, 0.225, 0.18333333333333332, -0.25, 0.0, -0.022222222222222227, 0.0, 0.005303030303030304, -0.3601851851851852, 0.06818181818181818]",https://www.nytimes.com/2017/01/01/pageoneplus/corrections-january-1-2017.html,"Corrections appearing in print on Sunday, January 1, 2017."
75,"From Beijing, China to Mosul, Iraq, people celebrated the final moments of 2016.",2021,"[0.08839285714285715, 0.19444444444444445, 0.14285714285714285, 0.0, 0.0, 0.0, 0.0, 0.0, 0.3833333333333333, -0.46666666666666656, 0.1625, 0.004166666666666666, 0.18666666666666665, 0.1076388888888889, -0.07222222222222223]",https://www.nytimes.com/slideshow/2017/01/01/world/revelers-around-the-world-welcome-2017.html,"> Already, 860,000 people have fled Mosul, which was &quot;Beyond the worst case&quot; scenario of 750,000 that the U.N. had planned for, Grande said."
76,American health care is a universe of scientific genius and selfless compassion populated by the most diverse population in the country.,2022,"[0.1875, 0.225, 0.12916666666666665, 0.0, 0.0, 0.0, -0.15092592592592594, 0.030952380952380953, -0.25, 0.25, 0.0, 0.13214285714285715, 0.4, 0.0, 0.16562500000000002]",https://www.nytimes.com/2017/12/31/opinion/tom-brokaw-health-care-immigrants.html,This is also why we are the only advanced country that doesn't have universal health care!
77,"The Costa Rican government said the crash occurred in the mountainous area of Punta Islita, a tourist destination about 140 miles west of the capital, San José.",2022,"[0.75, 0.008333333333333331, 0.0, 0.2857142857142857, 0.18333333333333335, 0.0, -0.02857142857142858, 0.4, -0.2611111111111111, 0.0875, -0.01875000000000001, 0.1, -0.21666666666666667, -0.5, 0.0]",https://www.nytimes.com/2017/12/31/world/americas/costa-rica-plane-crash.html,"The Costa Rican government said the crash occurred in the mountainous area of Punta Islita, a tourist destination about 140 miles west of the capital, San José."
78,Families have turned the side of a warehouse facing a federal jail in Brooklyn into a message board for their imprisoned relatives.,2022,"[-0.060714285714285714, 0.1, 0.175, -0.008333333333333333, -0.02916666666666667, 0.15119047619047618, 0.01220899470899472, 0.0, 0.0, 0.0, 0.0, 0.0, -0.5]",https://www.nytimes.com/2017/12/31/nyregion/metropolitan-detention-center-brooklyn-jail-signs.html,"The family photo that Charlie Duke left on the Moon on April 23, 1972...."
79,Making New Year resolutions as a hedge against apocalypse.,2022,"[0.08333333333333333, 0.0, 0.0, -0.00636363636363636, 0.12386363636363637, 0.5, -1.0, 0.0, -0.5, 0.0, 0.0, 0.3666666666666667, 0.0, 0.32999999999999996, 0.0]",https://www.nytimes.com/2017/12/31/opinion/new-year-sentient-being-diet.html,New Year's Resolution [OC] I’ve always wondered how the resolution can just go higher and higher it seems.
80,"Screenwriters need to stop letting male characters control the direction of a film’s plot, a reader says.",2022,"[-0.4, 0.0, 0.125, 0.24194444444444443, 0.05000000000000001, -0.20833333333333331, -0.075, 0.0, 0.0, -0.3833333333333333, -0.45, 0.15833333333333333, 0.0, 0.0, 0.10000000000000002]",https://www.nytimes.com/2017/12/31/opinion/men-women-movies.html,"TIL of the ""idiot plot""."
81,"Egypt’s ambassador asserts that the country is an important U.S. ally, contrary to what two Op-Ed writers said.",2022,"[0.0, 0.0, 0.0, 0.0, 0.08, -0.1, 0.2791666666666667, 0.0, 0.0, 0.0, -0.6499999999999999, 0.0, 0.09435064935064935, 0.13166666666666665, 0.0]",https://www.nytimes.com/2017/12/31/opinion/us-egypt.html,"Motorcade carrying the U.S. Ambassador to Bangladesh was attacked by a group of armed men in the country's capital Dhaka [deleted] Statement from the US ambassador: https://bd.usembassy.gov/u-s-ambassadors-vehicle-attacked-in-dhaka/ More details available from this local news source: http://unb.com.bd/bangladesh-news/Miscreants-attack-US-Ambassadors-car-at-Mohammadpur/77021 > The vehicle carrying outgoing US ambassador Marcia Bernicat came under attack by a group of unidentified miscreants as it left the residence of Badiul Alam Majumder, secretary of civil society advocacy group SHUJAN, on Saturday night."
82,"Readers point to Congress, the Federal Railroad Administration and the nature of our market economy.",2022,"[0.1, 0.1, 0.0, -0.07777777777777779, 0.0, 0.065, 0.125, -0.18229166666666669, 0.26666666666666666, 0.5, 0.0, 0.0, 0.14583333333333334, 0.0, -0.5102182539682539]",https://www.nytimes.com/2017/12/31/opinion/amtrak-derailment.html,Biden asks US Congress to block railroad strike that could 'devastate economy' Devastating the economy is the point.
83,"The president of the Association of American Universities decries the tax, which she says will reduce the funds for student aid.",2022,"[0.125, 0.225, 0.0, -0.30000000000000004, 0.0, 0.0, 0.25, 0.13333333333333333, 0.18416666666666667, 0.02, 0.5, 0.05701530612244895, 0.09435064935064935, 0.09375, 0.0]",https://www.nytimes.com/2017/12/31/opinion/taxing-college-endowments.html,"The president of the Association of American Universities decries the tax, which she says will reduce the funds for student aid."
84,Readers discuss family estrangement from the perspective of both parents and children.,2022,"[0.16954081632653065, -0.050244200244200246, 0.4166666666666667, -0.05833333333333333, 0.11666666666666665, 0.0, 0.06666666666666665, 0.0, 0.04999999999999999, 0.2, 0.3404761904761905, -0.21250000000000002, -0.08, 0.075, 0.0]",https://www.nytimes.com/2017/12/31/opinion/parent-child-estrangement.html,Why I Distrust Parents of Estranged Children [Article] **This is an automated message posted to all posts in this subreddit with some basic information about the group including (very importantly) rules.
85,"The outpouring of support after New York’s deadliest fire in more than a quarter-century is “a sign that the victims are not alone,” a neighborhood priest said.",2022,"[-0.26666666666666666, 0.0, -0.1, 0.6, 0.3, 0.375, 0.037500000000000006, 0.0, -0.012500000000000004, 0.0, 0.25, 0.3125, 0.3060606060606061, 0.01517857142857143, 0.23571428571428574]",https://www.nytimes.com/2017/12/31/nyregion/bronx-fire-donations.html,More than a quarter of a million people have signed a petition calling for Sydney's New Year's Eve fireworks to be cancelled and the money spent on fighting fires that threaten the city.
86,Attacking rampant drug abuse by trying to shut off the supply has not worked. We need to try a new approach.,2022,"[0.19999999999999998, 0.0, 0.0, 0.0, -0.3125, 0.225, 0.35, 0.0, -0.05277777777777779, 0.8, 0.5750000000000001, 0.8, 0.11284722222222222, 0.16666666666666666, 0.08333333333333333]",https://www.nytimes.com/2017/12/31/opinion/failed-war-on-drugs.html,We need to try a new approach.
87,,2022,[],https://www.nytimes.com/interactive/2017/12/31/business/A-Big-Year-for-the-Stock-Market.html,
88,It’s time for the Supreme Court to end state-sanctioned killing for good.,2022,"[-0.02916666666666667, -0.09977324263038548, 0.5, -0.4, 0.10422222222222223, -0.07857142857142857, 0.5, 0.0, -0.5, 0.27589285714285716, -0.025, -0.1171875, 0.24000000000000005, -0.9047619047619048, 0.02954761904761903]",https://www.nytimes.com/2017/12/31/opinion/capital-punishment-death-penalty.html,Please [contact the moderators of this subreddit](/message/compose/?to=/r/politics) if you have any questions or concerns.* > The Hawaii Supreme Court handed down a unanimous opinion on Wednesday declaring that its state constitution grants individuals absolutely no right to keep and bear arms outside the context of military service.
89,"No corrections appeared in print on Monday, January 1, 2018.",2022,"[0.0, -0.6, -0.2, 0.27999999999999997, 0.7, 0.0, -0.011742424242424242, 0.041666666666666664, 0.0, 0.005303030303030304, 0.08733766233766235, -0.20833333333333334, 0.225, 0.18333333333333332, -0.25]",https://www.nytimes.com/2017/12/31/pageoneplus/no-corrections-january-1-2018.html,"No corrections appeared in print on Monday, January 1, 2018."
90,"Vivir de forma segura en Caracas, una de las ciudades más peligrosas del mundo, requiere una cuidadosa combinación de planificación y precaución.",2022,"[0.0, 0.0, 0.0, 0.0, 0.0, 0.0, -0.5666666666666668, 0.0, 0.0, 0.0, 0.0, -1.0, 0.05000000000000002, 0.0, 0.05000000000000002]",https://www.nytimes.com/interactive/2017/12/31/world/americas/venezuela-crime-espanol.html,"Vivir de forma segura en Caracas, una de las ciudades más peligrosas del mundo, requiere una cuidadosa combinación de planificación y precaución."
91,"The Fed will be releasing the minutes of its last meeting, when it raised interest rates, perhaps giving insight into its thinking on economic growth.",2022,"[0.06818181818181818, 0.09642857142857143, 0.07505387205387205, 0.3333333333333333, 0.3181818181818182, 0.15704081632653064, 0.2333333333333333, 0.2, -0.05, 0.0, 0.0, 0.0625, 0.234375, 0.0, 0.1]",https://www.nytimes.com/2017/12/31/business/start-of-a-new-year-of-trading-and-jobs-report-from-december.html,"The Fed will be releasing the minutes of its last meeting, when it raised interest rates, perhaps giving insight into its thinking on economic growth."
92,2017 was one of the darker years in modern American history. Here’s hoping for the beginnings of a turning point.,2022,"[0.225, 0.17500000000000002, -0.23333333333333328, 0.05, 0.0, 0.0, 0.1004802889418274, -0.26875, 0.0, 0.0, -0.20000000000000004, 0.2375, 0.5, -0.20833333333333331, -0.25]",https://www.nytimes.com/2017/12/31/opinion/7-wishes-for-2018.html,Lebron’s Cavs stint goes a totally different direction thus the next 20 years if he has a borderline all star for all his early years No turning back: The largest dam removal in US history begins > Advocates and analysts are eyeing four dams on the Lower Snake River in Washington as the next big dam removal in the queue.
93,He sought to “rescue from oblivion all those historical facts and names that are currently doomed to perish or disappear.”,2022,"[-0.24583333333333332, -0.25, -0.25, 0.265, -0.2, -0.6, -0.08774801587301587, 0.0, -0.2, -0.03888888888888888, -0.175, 0.0, -0.3, 0.0625, 0.29000000000000004]",https://www.nytimes.com/2017/12/31/opinion/arseny-roginsky-champion-of-truth.html,The comments in this post have inspired me to take my 4k modded oblivion Stream and make it a personal quest to make a Encyclopedia Cornucopia of data porn about these ingredients.
94,Can Buffalo build on its stunning arrival in the playoffs? Can the Falcons return to the Super Bowl?,2022,"[0.0, 0.0, 0.10416666666666667, 0.0, 0.3125, 0.0, 0.0, -0.2333333333333333, 0.0, 0.0, 0.05, 0.0, -0.35555555555555557, 0.8, 0.0]",https://www.nytimes.com/2017/12/31/sports/nfl-playoff-predictions.html,Bill Belichick has won two Super Bowls since Mike Tomlin last won a playoff game Tomlin is basically AFC Mike McCarthy.
95,"He proposed talks with South Korea to discuss the North’s participation in the Winter Games, and boasted of having a “nuclear button” on his desk.",2022,"[-0.06818181818181818, 0.1, -0.05992063492063493, 0.03583333333333334, -0.3, 0.13636363636363635, 0.18846153846153849, -0.6, -0.4, -0.01249999999999999, 0.0, 0.43333333333333335, 0.0, 0.1729166666666667, 0.0]",https://www.nytimes.com/2017/12/31/world/asia/north-korea-kim-jong-un-olympics.html,"He proposed talks with South Korea to discuss the North’s participation in the Winter Games, and boasted of having a “nuclear button” on his desk."
96,"On New Year’s Eve, Mar-a-Lago hosted its annual gala, an opulent but customary occasion for a president who spent his winter vacation reveling in the comforts of familiarity.",2022,"[0.5, -0.3125, 0.0, 0.19924242424242425, 0.19924242424242425, -0.40643939393939393, 0.09916666666666667, 0.12, -0.3333333333333333, 0.07976190476190474, 0.0]",https://www.nytimes.com/2017/12/31/us/politics/trump-new-years-eve-mar-a-lago.html,"Please [contact the moderators of this subreddit](/message/compose/?to=/r/TheDonaldTrump2024) if you have any questions or concerns.* President Trump at Mar-a-Lago's 2023 New Year’s Eve Celebration Hi, there /u/PoliticalHub24!"
97,"A year after a live-television debacle, the pop superstar got through a two-song performance with no glitches.",2022,"[0.04999999999999999, 0.2, 0.0, -0.55, 0.1, -0.015625000000000003, -0.019047619047619042, 0.0875, 0.0, -0.06564625850340138, 0.4, 0.0, 0.0, 0.10000000000000003, 0.12222222222222223]",https://www.nytimes.com/2018/01/01/arts/mariah-carey-new-years-eve.html,"The Pogues and the Dubliners on Irish television, performing their hit song ""The Irish Rover"" for the very first time in 1987."
98,PBS’s Independent Lens series features a portrait of the writer behind “Tales of the City.” And “Lovesick” returns to Netflix.,2022,"[0.09285714285714286, 0.39166666666666666, 0.03333333333333334, 0.1875, 0.21851851851851853, 0.0, 0.24250000000000002, 0.3096354166666667, 0.2916666666666667, 0.04621212121212119, 5.551115123125783e-17, -0.5]",https://www.nytimes.com/2018/01/01/arts/television/whats-on-tv-monday-the-untold-tales-of-armistead-maupin-and-lovesick.html,PBS’s Independent Lens series features a portrait of the writer behind “Tales of the City.”
99,Welcome to the latest edition of the Smarter Living newsletter.,2022,"[0.0, 0.0, 0.014814814814814815, 0.4, 0.15833333333333333, -0.05, 0.11874999999999998, -0.75, 0.09791666666666665, 0.11570830485304169, -0.3125, -0.004761904761904763, 0.0, 0.45, -0.625]",https://www.nytimes.com/2018/01/01/smarter-living/new-year-relaxation.html,Welcome to the latest edition of the Smarter Living newsletter.
100,"Quotation of the Day for Monday, January 1, 2018.",2022,"[0.5, 0.03333333333333335, -0.2, 0.21875, -0.1875, 0.125, 0.25, -0.16666666666666666, 0.0, -0.011742424242424242, 0.041666666666666664, 0.0, 0.005303030303030304, 0.08733766233766235, -0.20833333333333334]",https://www.nytimes.com/2018/01/01/todayspaper/quotation-of-the-day-va-doctors-say-rating-push-hurts-patient-care.html,"Quotation of the Day for Monday, January 1, 2018."
